<?xml version="1.0" encoding="UTF-8"?>

<atlassian-plugin key="${atlassian.plugin.key}" name="${project.name}" plugins-version="2"> 
  <plugin-info> 
    <description>${project.description}</description>  
    <version>${project.version}</version>  
    <vendor name="${project.organization.name}" url="${project.organization.url}"/>  
    <param name="plugin-icon">images/pluginIcon.png</param>  
    <param name="plugin-logo">images/pluginLogo.png</param> 
  </plugin-info>

  <resource type="i18n" name="i18n" location="myPlugin"/>

  <web-resource key="local-time-indicator.resources" name="myPlugin Web Resources">
    <dependency>com.atlassian.auiplugin:ajs</dependency>  
    <resource type="download" name="local-time-indicator-panel-refresh.js" location="/js/local-time-indicator-panel-refresh.js"/>
    <resource type="download" name="images/" location="/images"/>  
    <resource type="download" name="templates/" location="/templates"/>
    <context>jira.view.issue</context>
    <context>jira.navigator.advanced</context>
    <context>jira.navigator.simple</context>
    <context>myPlugin</context>
  </web-resource>

  <web-panel name="LocalTimeIndicator" i18n-name-key="local-time-indicator.name" key="local-time-indicator" location="atl.jira.view.issue.right.context" weight="1000">
    <description key="local-time-indicator.description">The LocalTimeIndicator Plugin</description>
    <context-provider  class="com.atlassian.tutorial.myPlugin.impl.LocalTimeIndicatorPluginImpl"/>
    <resource name="view" type="velocity" location="templates/local-time-indicator.vm"/>
    <label key="local-time-indicator.title"/>
  </web-panel>

</atlassian-plugin>
